Country Name,Country Code,Indicator Name,2000,2001,2002,2003,2004,2005,2006,2007,2008,2009,2010,2011,2012,2013,2014,2015,2016,2017,2018,2019,2020,2021,2022,2023,2024
Afghanistan,AFG,GDP (current US$),3521418060,2813571754,3825701439,4520946819,5224896719,6203256539,6971758282,9747886187,10109297048,12416152732,15856668556,17805098206,19907329778,20146416758,20497128556,19134221645,18116572395,18753456498,18053222687,18799444490,19955929052,14259995441,14497243872,17152234637,
Albania,ALB,GDP (current US$),3584570165,4059064033,4515003117,5801712040,7406645793,8256658250,9150528132,11116937870,13258506375,12335540656,12086545641,12973755875,12246499748,12796985886,13296322588,11470171827,11988668785,13258268436,15379508330,15585111614,15241455556,18032009220,19017244117,23547180412,27177735528
Algeria,DZA,GDP (current US$),54790398570,59413400924,61516103406,73482264191,91913680985,107046618670,123084258693,142482739810,180383848331,150317292079,177785053940,218331946925,227143746076,229701430292,238942664193,187493855609,180763839522,189880896903,194554483656,193459662091,164873415325,186231205262,225638456572,247626161016,263619794507
American Samoa,ASM,GDP (current US$),,,512000000,524000000,509000000,500000000,493000000,518000000,560000000,675000000,573000000,570000000,640000000,638000000,643000000,673000000,671000000,612000000,639000000,647000000,721000000,750000000,871000000,,
Andorra,AND,GDP (current US$),1432606189,1548265808,1764279824,2366941809,2900245324,3161084091,3459337987,3957625367,4102319399,3688976341,3449925739,3629133574,3188652765,3193512950,3271685597,2789881259,2896610480,3000162081,3218419897,3155149348,2891001149,3324647529,3380612573,3785067332,4039844390
Angola,AGO,GDP (current US$),9129594970,8936079118,15285592370,17812704586,23552057679,36970900884,52381025141,65266415494,88538665085,70307196182,83799474070,111789747671,128052915766,132339109040,135966802587,90496420507,52761617226,73690154991,79450688259,70897962732,48501561204,66505129988,104399746853,84875162197,80396942242
Antigua and Barbuda,ATG,GDP (current US$),901003703.7,877774074.1,898092592.6,948100000,1026329630,1143896296,1303674074,1487381481,1557640741,1386518519,1298348148,1287359259,1364729630,1325496296,1378707407,1437485185,1489603704,1534855556,1661529630,1726448148,1411637037,1602125926,1866566667,2005785185,2224814815
Argentina,ARG,GDP (current US$),284203750000,268696750000,97724004252,127586973492,164657930453,198737095012,232557260817,287530508431,361558037110,332976484578,423627422092,530158122010,545982375701,552025140252,526319673732,594749285413,557532320663,643628393281,524819892360,447754683615,385740508437,486564085480,632790070063,646075277525,633266692534
Armenia,ARM,GDP (current US$),1911563669,2118467913,2376335048,2807061009,3576615240,4900469511,6384452067,9206301270,11662040714,8647937081,9260285756,10142111825,10619320683,11121464437,11609513247,10553337518,10546136236,11527458709,12457940695,13619290539,12641698583,13878908629,19513506553,24085749592,25786585950
Aruba,ABW,GDP (current US$),1873452514,1896456983,1961843575,2044111732,2254830726,2360017318,2469782682,2677641341,2843024581,2553793296,2453597207,2637859218,2615208380,2727849721,2790849721,2962907263,2983635196,3092429050,3276184358,3395798883,2481857123,2929446578,3279343544,3648573136,
Australia,AUS,GDP (current US$),416167815093,379629301675,395788696012,467739079790,614659980083,695692898677,748417562770,855007458585,1056112427190,928762122698,1148838233481,1398610616773,1547532281116,1577123329411,1468265356428,1351296372254,1206836962282,1325582658157,1427809041019,1392723834563,1328414058378,1556735770437,1690858246994,1728057316696,1752193307380
Austria,AUT,GDP (current US$),196181599831,196477206829,212837224023,260779834340,299210411455,313952317331,333905979332,386760177589,429234399096,399290118782,389827789218,428954737064,406750487604,426580502769,438556021078,379546097301,393687359770,414926138133,452582294973,442983642372,434397601558,480467037339,471773629830,511685203845,521642466922
Azerbaijan,AZE,GDP (current US$),5272615723,5707616204,6236087738,7276413079,8680405741,13245421881,20981929498,33049419431,48851293785,44292427185,52909294792,65952796428,69679944504,74160560124,75239785452,53076235355,37866996883,40866627352,47112470052,48174235294,42693000000,54825411765,78807470588,72428470588,74315882353
Bahamas,BHS,GDP (current US$),8076470000,8317830000,8881160000,8870090000,9055290000,9836200000,10167250000,10618340000,10526000000,9981960000,10095760000,10070450000,10720400000,10475300000,11139100000,11837600000,11880900000,12446900000,12819200000,13277000000,10363200000,12037000000,13896800000,15271300000,15832800000
Bahrain,BHR,GDP (current US$),9062898936,8976196809,9593510638,11074813830,13150159574,15968723404,18504760638,21730000000,25710904255,22938218085,26805984043,29914680851,31963404255,33823324468,34772526596,32523297872,33884680851,37204813830,39567978723,40446808511,35837632979,40840212766,46458191489,46192260638,47736702128
Bangladesh,BGD,GDP (current US$),53369787319,53991289844,54724081491,60158929188,65108544250,69476001239,71795736172,79611644975,91636997371,102475158191,115275540051,128607482310,133310747603,149998957434,172886611654,195146608978,265224515675,293732446625,321362752442,351231654604,373979442362,416271647911,460131689083,437415333018,450119424622
Barbados,BRB,GDP (current US$),3059500000,3054500000,3106500000,3209500000,3444500000,3819500000,4217323400,4675767950,4790410400,4466809600,5191188500,5342183800,5271257500,5361158350,5365976700,5288057750,5330761500,5517340450,5629916200,5788288000,5168344450,5275242050,6257303500,6720733200,7165000000
Belarus,BLR,GDP (current US$),12736780455,12354820144,14594900945,17825444724,23141566293,30210091837,36961894281,45275711996,60752106347,50873167326,57231904543,61762382328,65685890439,75527558966,78813069121,56454769845,47723545321,54725405751,60031026576,64410170653,61371673345,69673747132,73775179925,72478760370,75961865472
Belgium,BEL,GDP (current US$),236792460312,236746141604,258383599375,318082528507,369214712443,385714762230,408259840869,470922156309,517328087920,485014525992,481556503720,527196649049,498414364945,524097026599,537987419164,461044767545,474271566740,500908767352,542638913428,536726344405,529694473502,598522422242,593614574326,644655275112,664564181487
Belize,BLZ,GDP (current US$),1138900000,1172800000,1244650000,1308900000,1400850000,1474950000,1591150000,1707100000,1738900000,1688500000,1745700000,1827050000,1909400000,2032750000,2138250000,2193050000,2240200000,2266300000,2293250000,2388300000,2042850000,2420550000,2846700000,3066850000,3515783329
Benin,BEN,GDP (current US$),3519991440,3666222635,4194342686,5349258094,6190270380,6567654954,7034111315,8169048383,9787734526,9738626517,9535345016,10693321364,11141358116,12517845124,13284527847,11388160997,11821065853,12701655837,14262408090,14391686313,15686741894,17687623535,17425405084,19673290996,21482643720
Bermuda,BMU,GDP (current US$),3480219000,3680483000,3937228000,4186525000,4484703000,4868136000,6144000000,6767000000,6980000000,6656000000,6634526000,6312691000,6378188000,6465756000,6413988000,6654541000,6899911000,7142316000,7225977000,7423465000,6887364000,7290037000,7874381000,8579242000,8980200000
Bhutan,BTN,GDP (current US$),460733418.4,496110225.7,559345263.7,651935430.3,735348490.4,860391000.2,942879878.5,1255767964,1317517835,1331343798,1708880730,1977728659,1973387228,1943696952,2089079571,2187815803,2357504761,2591358009,2583335722,2735683570,2457604334,2768802960,2898227744,3019253885,
Bolivia,BOL,GDP (current US$),8397855485,8141516928,7905485146,8082399640,8773451752,9549122905,11451844902,13120108008,16674276286,17339992194,19649723722,23963164697,27084497482,30659338886,32996188017,33000198249,33941126194,37508642171,40287647931,40895322851,36629843806,40406111693,44008282880,45135398003,49668296744
Bosnia and Herzegovina,BIH,GDP (current US$),5567772769,5800615466,6728220887,8498894359,10156541538,11222796337,12864841906,15778734264,19112796623,17613949091,17176315804,18644233537,17226735996,18179108531,18558733564,16404348871,17116926328,18326373366,20484053869,20482608755,20226036564,23672712242,24534663636,27592361388,28343394203
Botswana,BWA,GDP (current US$),5788329609,5489608300,5438863983,7511582173,8957467707,9918907108,9919158482,10567270656,10730829116,10118459242,12637273429,15110643612,13907464500,14271738933,15470088501,13530748845,15082637184,16105155857,17031943186,16725908149,14960251611,18750182235,20321150598,19411266967,19400774882
Brazil,BRA,GDP (current US$),655448231984,559983634799,509795273807,558233745652,669289424806,891633839894,1107626541435,1397114486369,1695855083498,1666996438581,2208837745101,2616156223918,2465227802807,2472819535557,2456043727199,1802212206815,1795693482853,2063514977366,1916933898011,1873288205060,1476107231310,1670647398905,1951923942083,2191131765685,2179412080829
Brunei Darussalam,BRN,GDP (current US$),6570999060,6096155748,6333082879,7167725265,8619178799,10547202612,12644616446,13432029496,15926456492,11912904529,13707121031,18524791071,19048443340,18094148099,17097797372,12930296852,11400266055,12128168047,13566908401,13469235348,12005799664,14006496614,16681536443,15095084686,15463134387
Bulgaria,BGR,GDP (current US$),13245990274,14183446026,16403043850,21144957990,26157743369,29868657858,34380536496,44431257129,54480684188,52023801230,50689051382,57681293007,54297052002,55819262375,57080897012,50765918159,53929397039,59167647388,66251582036,68634004792,70550652467,84414122840,90509236929,102396840296,112211952704
Burkina Faso,BFA,GDP (current US$),2968370088,3190371081,3622350063,4740768143,5451688538,6146353173,6547419820,7625722837,9451435490,9450696873,10109619741,12080295978,12561015157,13444300486,13943016077,11832159316,12833363045,14106955615,15890066221,16032813503,17725010533,19697516284,18820218691,20324617845,23250214910
Burundi,BDI,GDP (current US$),870486065.9,876794723.1,825394519.4,784654423.6,915257323.4,1117113080,1273375078,1356199387,1611835857,1781455140,2032135192,2235820809,2333341334,2451606632,2705783330,3104003546,2644487777,2723586963,2667182200,2576518880,2649680261,2775798697,3338722828,2629391600,2162378759
Cape Verde,CPV,GDP (current US$),539227277.6,563090490.4,620507387.5,813260468.9,924940011.8,972241676.9,1107571458,1649621739,1959620648,1852334575,1824751468,2046817987,1913081210,2028910915,2041930125,1749857620,1849789986,1996741540,2205099507,2252177124,1821565614,2051842619,2247003344,2539203429,2767599017
Cambodia,KHM,GDP (current US$),3694168979,4145665970,4501227627,5046693484,5883297160,7066296463,8350531017,10127916460,12174303999,12502901170,13808673288,16032622024,17826536700,19807135253,22041463968,24174170369,26556545153,29355665910,33145892169,36685356408,34818073901,36790163687,39994532960,42335646896,46352647035
Cameroon,CMR,GDP (current US$),10566579295,10953485349,12417251350,15970315035,18826214136,19509852207,20910512975,23928250433,27715142033,27932970317,27507501821,30630910495,30155062329,33728621180,36386544706,32210233020,33814337044,36098547033,39955552190,39667757528,40773241177,45011937347,44347206073,49279410983,51326764685
Canada,CAN,GDP (current US$),744773415932,738981792355,760649334098,895540646635,1026690238278,1173108598779,1319264809591,1468820407783,1552989690722,1374625142157,1617343367486,1793326630175,1828366481522,1846597421835,1805749878440,1556508816217,1527994741907,1649265644244,1725329192783,1743725183673,1655684730000,2022378748423,2190411080134,2173339670064,2241253230970
Cayman Islands,CYM,GDP (current US$),,,,,,,4200288241,4466278065,4585949024,4281714567,4156841107,4186073104,4291004524,4405796023,4562853611,4708167233,4909322237,5166281305,5530178441,5941896608,5655358021,6060026520,6600843963,7139428558,
Central African Rep.,CAF,GDP (current US$),916777282.7,932648604.8,996068144.9,1142315523,1272360517,1337894379,1461859762,1699811295,1993407888,2067381665,2142591540,2437982705,2510126512,1691544110,1894813389,1695825714,1825018145,2072349973,2220979146,2221301351,2326720900,2516498412,2382618615,2555492086,2751544520
Chad,TCD,GDP (current US$),1388506772,1710843377,1997005709,2742815072,4422855661,8655892393,9709626596,10865385132,13385593990,12317614054,14058506664,16685349674,17892228570,17865316886,18144336904,14559599500,13026289836,13349041409,15327000249,14905517743,14932897821,16871937698,17828508290,19107685021,20625711665
Channel Islands,CHI,GDP (current US$),6439703435,6232906290,6663669065,7332244898,8553643354,8827272727,9676172953,11514605842,,9100755725,8902070457,9649313892,9455340126,9594160857,10528493006,10109968831,9169278153,9170079923,10026153282,10032440899,9439810769,11157003026,11308300382,12507927160,
Chile,CHL,GDP (current US$),78339750721,71574739561,70264045939,76492579644,99075985774,122294145163,153843518171,172491076034,179894594475,171777900624,217051209239,251382573894,267024782487,277395018842,259560978224,242450355831,249344863928,276154259981,295857562992,278285058719,254042159309,315325547162,301226575540,335518054098,330267137372
China,CHN,GDP (current US$),1223754919971,1355036590252,1489821682051,1683903309844,1984196551300,2317551298052,2791498472804,3604055822572,4667346414522,5189577094998,6192564874453,7671757207851,8673664713189,9743124247267,10674533168257,11280814787469,11456024084962,12537559062283,14147765772964,14560167101283,14996414166715,18201698719564,18316765021690,18270356654533,18743803170827
Colombia,COL,GDP (current US$),99875074951,98200641203,97945812803,94644969157,117092416666,145600529606,161792958905,206229540926,242504150473,232468663110,286498534095,334966134805,370691143018,382093697078,381240864422,293492370193,282720100286,311866875157,334198218098,323031701193,270348342541,318524633225,345632492851,366291836138,418542042920
Comoros,COM,GDP (current US$),351136579.6,378512024.1,425964681,546885222.7,633706110.8,653845169.2,698431793.9,795673152.9,915659108,905341172.7,907979446.4,1023087476,1015842907,1116223107,1149587624,966029599.8,1012835493,1077439756,1188797450,1195019531,1225039196,1299039312,1279542248,1430523436,1546164420
Dem. Rep. Congo,COD,GDP (current US$),19088046306,7438189100,8728038525,8937567060,10297483481,11964484466,14451901696,16737071816,19788515590,18648372553,21565721045,25839749199,29306235285,32679745048,35909040926,37917706497,37134801555,38019264795,47568210010,51775829877,48716961860,55328482784,65801547756,67006756666,70749355652
Congo,COG,GDP (current US$),3227927698,2796704604,3034250924,3503723088,4656974940,6650001680,8072305029,8782703437,11649857673,9723299915,13148396212,15655383577,17692911296,17958720699,17919321078,12434793867,10931328151,11834473039,14773900289,13976637780,11468687464,14825690211,15817030157,15321055818,15719985776
Costa Rica,CRI,GDP (current US$),15013629662,15976174337,16578820687,17271760507,18610594846,20040642477,22715540324,26884700709,30801745700,30745714313,37658616952,42762613699,47231655432,50949668842,52016408854,56441920821,58847019610,60516044657,62420164992,64417670521,62395610760,64960725734,69243626029,86497941439,95350423177
Cote d'Ivoire,CIV,GDP (current US$),16577533892,16810537044,18054383321,21251754340,23510575681,24036918703,25281413263,28760090953,34078240293,33886813250,34936307980,36693710801,36302302877,42760235485,48843005614,45815005169,48407761037,52512343997,58522477787,60382894697,63027852805,72794636649,70922824824,79618056324,86538413923
Croatia,HRV,GDP (current US$),22134411297,23066883850,26757722429,35245317002,41836292157,45013119282,49590197657,59298265770,68478776206,62321642125,58981738869,62903737380,57551963753,59852401272,59612144078,51005200670,52654855638,56186190438,61668130123,61467582194,57963370885,69006802299,71198635102,84393795502,92526176109
Cuba,CUB,GDP (current US$),30565400000,31682400000,33590500000,35901200000,38203000000,42643836100,48835925926,54262870370,56302129630,57481481481,59562962963,68990000000,73141000000,77148000000,80656100000,87132800000,91370407864,96850649692,100050036096,103427600000,107351800000,,,,
Curacao,CUW,GDP (current US$),2120511229,2143450726,2160784693,2202117374,2237160503,2344637263,2457581732,2593831508,2833476145,2869153184,2951342793,2930092235,3012836257,3033568603,3059406983,3058779218,3024690168,3033433240,3046364804,3026124116,2534327592,2739594360,3075180835,3281419347,
Cyprus,CYP,GDP (current US$),9985847314,10397898907,11420228846,14547329558,17320551250,18433412511,20072754987,23968727074,27844646258,26048179949,25799940078,27641547910,25047436975,23959712861,23225918260,19909278417,21046462281,22946570629,25754001368,26196667100,25555093854,30372642502,30935566077,33886930712,36333022329
Czechia,CZE,GDP (current US$),62175642238,68135304464,82607869610,100435924705,120147899984,137264185596,156236258387,190040702287,236506264754,206971882705,211168667286,231429378717,210363223088,213024360541,210911285078,189107698562,198160659304,221563575696,251992360762,256794209029,251109660603,290972714482,301831228326,343206568135,345036675975
Denmark,DNK,GDP (current US$),164043817224,164881594415,178788209558,218421193436,251986155631,265150087712,283386151544,320213157595,354979471960,322619152195,322345594075,344315595263,326792574245,344631016965,352832602064,301758922338,312181849372,331610593962,355293374912,345401473013,355631021932,408378204640,401945576108,407091920305,429457372072
Djibouti,DJI,GDP (current US$),551230861.9,572417440.8,591122039.6,622044665.5,666072101.8,708633194.7,768873684,847918929.1,999105339.3,1049110685,1128611700,1239144502,1353632942,2044440443,2220637966,2424391785,2604955229,2762581334,2913464658,3088851450,3144136197,3392796953,3562814909,3917150481,4086402719
Dominica,DMA,GDP (current US$),333470370.4,377462963,375200000,373318518.5,396711111.1,391455555.6,416674074.1,444685185.2,480003703.7,515618518.5,519859259.3,532081481.5,520355555.6,545325925.9,572255555.6,583177777.8,612711111.1,563355555.6,628244444.4,644259259.3,528944444.4,562911111.1,623062963,659311111.1,688881481.5
Dominican Republic,DOM,GDP (current US$),24305780629,25601823688,27137440786,21403167848,22322387382,35777560684,37879830084,43965458509,48091433554,48223781477,53801053353,57948261616,60561635556,62555417415,67014329100,70966782572,75552902636,79070274743,84994732049,89146130745,78546672407,94850719517,113478087135,120456239154,124282245639
Ecuador,ECU,GDP (current US$),17539454727,23127055000,27054197000,30965208000,35194947000,40278849000,45690762000,49848725000,61139438000,60094978000,68151329000,78986648000,87735048000,96570334000,102717794000,97209558000,97671433000,104467486000,107478961000,107595830000,95865473000,107179074000,116133121000,121147057000,124676074700
Egypt,EGY,GDP (current US$),99838543960,96684636119,85146067416,80288461538,78782467532,89660339660,107426086957,130437828371,162818181818,189147005445,218983666062,235989672978,279116666667,288434108527,305595408895,329366576819,332441717791,248362771739,262588632527,318678815490,383817841547,424671765456,476747720365,395926075163,389059911004
El Salvador,SLV,GDP (current US$),11784927700,12282533600,12664190300,13243892200,13724810900,14698000000,15999890000,17011750000,17986890000,17601620000,18447920000,20283780000,21386150000,21990960000,22593470000,23438240000,24191430000,24979190000,26020850000,26881140000,24921190000,29043140000,31870120000,33853940000,35364960000
Equatorial Guinea,GNQ,GDP (current US$),1045998496,1461139022,1806742742,2484745935,4410764339,8217369093,10086528699,13071718759,19749893536,15027795173,16314443436,21357343669,22388344144,21948834284,21765453082,13185496881,11240808848,12200913879,13097012134,11364133550,9893816008,12215878033,13687643436,12337550584,12765777677
Eritrea,ERI,GDP (current US$),706370815.6,752371688.7,729321680.2,870248267.6,1109054005,1098424686,1211161880,1317974491,1380188800,1856695551,1589515447,2065001626,N.A,N.A,N.A,N.A,N.A,N.A,N.A,N.A,N.A,N.A,N.A,N.A,N.A
Estonia,EST,GDP (current US$),5686579748,6250218423,7370119619,9876595528,12148595031,14109491357,17025671810,22450264166,24342935404,19633984440,19524355419,23303915795,23237406116,25451032781,27055689003,23311847751,24561027788,27469461919,31222632741,31873748770,31820771494,37204563051,38376046175,41291245222,42764929169
Eswatini,SWZ,GDP (current US$),1738093840,1542477309,1432221739,2197598466,2770082792,3178112499,3291330019,3469381231,3294084314,3580428053,4438765086,4820478680,4886551484,4464726181,4286015248,3909281650,3724180911,4463673661,4644696656,4616996145,4120621325,4785708166,4741163885,4604172127,4891883720
Ethiopia,ETH,GDP (current US$),8242349618,8231326016,7850809498,8623691300,10131187261,12401139454,15280861835,19707616773,27066912635,32437389116,29933790334,31952763089,43310721414,47648276605,55612228234,64589328551,74296766562,81770885148,84269180857,95912620248,107657732424,111261888669,126772707851,N.A,N.A
Faroe Islands,FRO,GDP (current US$),1067109531,1160268212,1275093689,1501941581,1724770771,1759739599,2017680835,2339015313,2489873250,2296065170,2331796784,2505740669,2427200389,2690110521,2914012679,2573905971,2813278869,2980057378,3188600927,3266432734,3271813312,3664686797,3566698398,3907323961,N.A
Fiji,FJI,GDP (current US$),1678219508,1652462023,1833279985,2300492465,2708078477,2980403845,3076305453,3378314600,3523185920,2870624636,3140166713,3779411899,3972028104,4189967999,4857104769,4682479894,4930213644,5353469174,5581425327,5444407198,4432466220,4305031650,4969503549,5442046553,5840564073
Finland,FIN,GDP (current US$),125967821111,129519672869,140360963812,171612867736,197458297640,204859368791,217044068234,256360251538,285698662071,253480783439,249429613683,275126915516,257443384493,270268036626,273478528955,233210733506,238777818793,253846138440,273869255596,267014821129,270000311606,294223210496,280253099309,294950618733,299835625551
France,FRA,GDP (current US$),1360959069477,1370376677299,1492427756382,1835095983049,2109792297237,2192146403028,2317861544691,2655816911867,2926802941586,2700075882519,2646230027988,2870408553990,2683007095787,2816077607875,2861236112552,2442483452643,2470407619777,2588868323335,2781576320884,2722793515172,2647926055110,2966433692008,2796302210399,3051831611385,3162079073496
French Polynesia,PYF,GDP (current US$),3599845480,3573808556,3965405553,4927780607,5564109982,5705052135,5877997980,6631156406,7136741422,6584557974,6086644799,6203940037,5692858099,6031827123,6151996561,5325846362,5497036477,5833352693,6135116253,6022276196,5574821989,6150640646,5814661209,6402221222,N.A
Gabon,GAB,GDP (current US$),5080483629,5023265413,5335451100,6511903365,7770219008,9582783991,10327598306,12455409587,15571348344,12113699068,14372593020,18210307744,17170464016,17595744798,18203966896,14383107763,14023890265,14929487485,16867326402,16874405465,15342236164,19444935097,20440655695,20055720403,20867044936
Gambia,GMB,GDP (current US$),782913871.8,687410645.1,578235309.3,487038685,961900651.4,1027701068,1054112488,1279703047,1561766956,1450142509,1543294927,1409693597,1415004738,1375609453,1229461721,1378176609,1484578886,1504909463,1670671328,1813609692,1812170891,2014158842,2204734527,2396111021,2507519958
Georgia,GEO,GDP (current US$),3057475335,3219462262,3395766678,3991377904,5125365192,6410912050,7745250734,10172931089,12795145131,10766920066,12426907967,15475290469,16894392033,17517660144,17966015109,15223796149,15444548902,16473125375,17902544881,17638337117,16010869216,18853115589,24984568960,30777833601,33776141251
Germany,DEU,GDP (current US$),1966980701145,1966381496642,2102350798306,2534715518349,2852317768062,2893393187362,3046308753671,3484056680855,3808786022313,3479800820863,3468154343000,3824828563521,3597896500945,3808086291482,3965800686310,3423568450957,3537784107981,3763092263753,4052008447224,3957208055216,3940142541354,4348297440388,4163596357879,4525703903628,4659929336891
Ghana,GHA,GDP (current US$),4982850662,5314872854,6166197848,7632723556,8881417907,10744568381,20885037597,24827339138,28679383241,26048720006,32197655567,39336668081,41271701061,62845721960,54678533806,49436806230,56144179398,60385409435,67259353966,68352629246,70008243860,79514204730,73919003210,80547146878,82825288889
Greece,GRC,GDP (current US$),125760166225,132050474720,150253800086,196930509813,234979615898,242315668619,269073415334,314226996944,351121399546,326829054686,296417644404,283228079776,238841140018,236556279641,233911581521,194567373678,193097239006,200381103984,213298873494,207305649887,191362985555,218303801895,218880566444,243498333238,257144811302
Greenland,GRL,GDP (current US$),1068025016,1086170704,1169136716,1558759823,1822499769,1849802648,2013106930,2249811296,2499092314,2529963903,2503167187,2684461375,2609678486,2684946990,2842065708,2499113023,2707139544,2851613679,3055782146,2997309972,3089625554,3293578468,3152334772,3326544174,N.A
Grenada,GRD,GDP (current US$),520044370.4,520444185.2,540336925.9,591018407.4,599118592.6,695555555.6,698700666.7,758683592.6,825976037,771275555.6,771014814.8,778655555.6,799881481.5,842618518.5,911496296.3,997007407.4,1061640741,1125685185,1166514815,1213485185,1043411111,1122800000,1231732104,1323985600,1391435993
Guam,GUM,GDP (current US$),N.A,N.A,3394000000,3569000000,3869000000,4213000000,4238000000,4397000000,4658000000,4828000000,4949000000,4984000000,5265000000,5399000000,5610000000,5799000000,5901000000,6013000000,6051000000,6355000000,5916000000,6234000000,6910000000,N.A,N.A
Guatemala,GTM,GDP (current US$),19288929030,18405220247,20444205991,21576351799,23577298095,26783389294,29744246827,33567850824,38503720224,37126148265,40676578423,46876006272,49593929487,52996446180,57852152955,62186064758,66053403364,71653754107,73328365862,77172317259,77719464221,86455519687,95641441235,104368413483,113199586004
Guinea,GIN,GDP (current US$),4367458867,4125527603,4301608753,5025167975,5300767961,4282468637,4220019845,6281918226,6964179983,6716905340,6853467146,6785137203,7638044557,8376613539,8778473373,8794201743,8595955222,10324668271,11857030367,13442861496,14088693743,17069115738,19910452542,22407615556,25334307879
Guinea-Bissau,GNB,GDP (current US$),391345597.5,412610871.5,466773711.2,553614800.1,582169841.3,639776040.7,634781901.3,753162998,952667544,890167833.4,940112538.9,1157074319,1049412177,1109682824,1135250721,1152384167,1245074264,1469978606,1554133594,1588767976,1683619352,1878659687,1839048748,2077816135,2119865935
Guyana,GUY,GDP (current US$),712667896.7,712167450.2,726131434.7,743063950.3,787814379.2,824880550.3,2379817991,2730971595,3025187433,3165663153,3432912517,3691384318,4063088536,4167800929,4127660152,4279840194,4482697337,4748174334,4787636998,5173760192,5471256595,8041362110,14718388489,16918503597,24835899826
Haiti,HTI,GDP (current US$),6813566099,6331970324,6205847214,5071947798,6087360684,7030149730,7638739123,9228637768,10432962635,11597002835,11859312725,13008746039,13708925477,14902488604,15146883498,14849629309,14069277526,15093357161,16403864618,15016090930,14508222518,20877414953,20253551921,19850585722,25224154991
Honduras,HND,GDP (current US$),7186638029,7651162302,7858255413,8230391347,8869299234,9757012697,10917477066,12361257681,13881731876,14587496229,15839344592,17710275685,18528554398,18499729215,19756533972,20979791685,21717604952,23136247991,24067750760,24882225742,23352232484,28144331507,31426041807,34355805528,37093565854
Hong Kong,HKG,GDP (current US$),171668891194,169404327617,166348866131,161385558802,169099768875,181569311742,193535442896,211596944504,219278749140,214047795659,228638668727,248513617677,262628865880,275696879835,291459995979,309385622601,320860317563,341273289534,361731070996,363074545072,344943149590,368954169749,358679533985,381066399066,407106738445
Hungary,HUN,GDP (current US$),47275954429,53800068066,67636468625,85190469121,104015363080,113098237571,115604111412,140123326896,158228265916,130807441076,131898737241,141712804954,128470269690,135646053779,141128696412,125244126623,128983560865,143335098992,161184691014,164936682034,158468487754,183282685440,177536698165,214022571311,222904723252
Iceland,ISL,GDP (current US$),9025660362,8234846805,9318395055,11429333038,13825302536,16852963067,17465318552,21652505597,18074622987,13154414219,13751161918,15221622926,14751508134,16125060515,17867662178,17517210519,20793168031,24728285177,26260850582,24681343649,21629953194,25770339317,28696453180,31452223862,33462807983
India,IND,GDP (current US$),468395521654,485440139204,514939140319,607700687237,709152728831,820383763511,940259888788,1216736438835,1198895139006,1341888016995,1675615519485,1823051829895,1827637590410,1856721507622,2039126479155,2103588360045,2294796885663,2651474262755,2702929641649,2835606256558,2674851578587,3167270623260,3346107287731,3638489096034,3912686168582
Indonesia,IDN,GDP (current US$),165021012078,160446947785,195660611165,234772463824,256836875295,285868619196,364570515618,432216737775,510228634992,539580085612,755094157622,892969104563,917869913333,912524136718,890814755534,860854232686,931877364038,1015618744160,1042271532989,1119099871350,1059054842698,1186509691087,1319101183380,1371169301564,1396300098191
Iran,IRN,GDP (current US$),109591707801,126878750296,128626917504,151911222120,187754571247,224970371329,265602187406,349736591836,406070949551,414059094950,487069570461,629082257472,644019315004,500399839840,462284793281,409191686497,459042684193,489168731811,398880231367,333519146339,262186179356,383436202447,394362621793,404625655076,436906331672
Iraq,IRQ,GDP (current US$),48364250944,36176430129,32928454672,21921569479,36633669269,50065104668,65147051918,88837057320,131614434154,111657580326,138516722650,185749664444,218002476129,234637675129,228415656175,166774104959,166743557748,187217660051,227367469034,233636097800,180898797517,209691945713,287372232138,268881051644,279641257615
Ireland,IRL,GDP (current US$),100207610430,109346669230,128596035288,164670771260,194372115041,211876989656,232180617162,270079279420,275447471451,236443117248,221985621538,241337364610,227270922957,243301556085,266787238499,302391428540,305733136181,348532394024,395461216460,407124824065,436555518400,531306516908,548570250342,551394889340,577389475010
Isle of Man,IMN,GDP (current US$),1601050083,1668684324,1891002698,2252620408,2802206152,3032411027,3422733202,4466350656,5928791505,5486921247,5920369790,6565667053,6690228372,7001175623,7708454412,7084800892,6846377563,6979788334,7491649456,7314967866,6684225641,7931193222,7431257411,N.A,N.A
Israel,ISR,GDP (current US$),136512300542,135002039613,125332331884,131408914824,140047984605,147519922009,158900547825,184681214673,221231658863,213403181853,239679036634,268094998225,263589172712,298478070673,315017088117,303469434072,321940971558,358451839053,376299083108,400645216359,410768352658,489851549972,525181008026,512184638999,540379921262
Italy,ITA,GDP (current US$),1149661363439,1172041488806,1281746271196,1582930016539,1812808753295,1864982261287,1958563654386,2222524108128,2417508414187,2209484319013,2144936254535,2306974020278,2097929495122,2153225581941,2173255507986,1845428048839,1887111188177,1970720904585,2099435266459,2019606796584,1907481094079,2179207773596,2104067630319,2304605139863,2372774547793
Jamaica,JAM,GDP (current US$),9005064475,9194727831,9719009495,9430234811,10174664854,11243865778,11930179090,12799600047,13709401520,12120458115,13220549908,14444661522,14807086556,14264205153,13899217680,14188936918,14077096677,14808985133,15730792876,15830766531,13812421836,14657586159,17097760687,19423355367,19930288337
Japan,JPN,GDP (current US$),4968359075957,4374711694091,4182846045874,4519561645254,4893116005657,4831467035390,4601663122650,4579750920355,5106679115127,5289493117994,5759071769013,6233147172341,6272362996105,5212328181166,4896994405353,4444930651964,5003677627544,4930837369151,5040880939325,5117993853017,5054068005376,5039148168861,4262463317797,4213167237906,4026210821147
Jordan,JOR,GDP (current US$),8460789845,8975814653,9582510578,10195627645,11411706629,12588998590,15056981664,17110437236,22658715989,24537876056,27133804225,29524149155,31634561690,34454440141,36847643521,38587017887,39892551127,41608435915,43370860704,44503006338,43700383099,46296100141,48764963380,51088476338,53352289577
Kazakhstan,KAZ,GDP (current US$),18291990662,22152689180,24636598527,30833692900,43151647003,57123671734,81003864630,104849915058,133441648852,115308686941,148047348241,192626464617,207998568866,236634603409,221415613595,184388404706,137278320084,166805788827,179339977690,181667184855,171082365861,197112255361,225496328925,261840101060,288406138231
Kenya,KEN,GDP (current US$),12705350098,12986007426,13147736899,14904517650,16095337094,18737895513,25825512284,31958195182,35895153328,42347217913,45405615064,46869473151,56396704672,61671440408,68285796514,70120446897,74815144164,82036510877,92202979985,100378436207,100657505751,109703658905,114448978153,108038588971,124498691699
Kiribati,KIR,GDP (current US$),74910527.26,64935850.16,74743869.13,96105619.38,104085892.1,113895437.3,112338353.3,138054945.6,147017895,140177384.1,165458433.1,195970140.2,207001545.9,201730860.8,200287282,191559398.7,206467818.5,222875736.3,233514717.4,216985388.3,220897998.7,285259894,270040457,288610732.2,307862546.8
"Korea, Dem. People's Rep.",PRK,GDP (current US$),,,,,,,,,,,,,,,,,,,,,,,,,
"Korea, Rep.",KOR,GDP (current US$),576179387820,547656279895,627246933730,702714855194,793175561887,934901071333,1053216909888,1172614086540,1047339010225,943941876219,1143672241150,1253289537501,1278046536287,1370632955321,1484488526272,1466038936206,1499679823910,1623074183502,1725373496825,1651422932448,1644312831906,1818432106880,1673916511800,1712792854202,N.A
Kosovo,XKX,GDP (current US$),N.A,N.A,N.A,N.A,N.A,N.A,N.A,N.A,5181776769,5015894693,5343950556,6341613610,6163484245,6735328610,7074394735,6295848423,6682677290,7180764703,7878759715,7899737577,7717145218,9413403724,9354903062,10468220307,11148602233
Kuwait,KWT,GDP (current US$),37718743480,34889559870,38135788414,47874582232,59439090601,80798630137,101557330723,114634043362,147379737230,105968691905,115416245238,154039231299,174047662555,174168116687,162650450785,114585555831,109406674088,120687539676,138646316322,140856394870,111045470461,148350671614,183502046669,165384407267,160227273001
Kyrgyzistan,KGZ,GDP (current US$),1369688498,1525116370,1605643105,1919008090,2211534585,2460246766,2834168889,3802570553,5139958909,4690061381,4794361863,6197765984,6605142884,7335033801,7468102413,6678177512,6813095379,7702938379,8271106235,9371275264,8270468614,9249133946,12134931018,15180842369,17478259659
Lao PDR,LAO,GDP (current US$),1731198022,1768619058,1758176653,2023324407,2366398120,2735558735,3455030061,4223152739,5446433157,5836137330,7131771015,8750104617,10192846339,11983252627,13279245886,14426380126,15912501723,17071155481,18141641090,18740561513,18981805250,18827148531,15468785204,15843155731,16502933121
Latvia,LVA,GDP (current US$),7761252607,8190888740,9249030241,11244337720,13827070379,16306935905,20434922247,29420499248,34135200994,25691530442,23468324572,26575547901,27116149949,29152128168,30277203767,26344565877,27117105060,29391059767,33247935477,33099503951,33379927435,38183326785,38014713596,42572151720,43520773851
Lebanon,LBN,GDP (current US$),17260364842,17649751244,19152238806,20082918740,21159827992,21497336499,22022709851,24827355015,29118916105,35399582929,38443907042,39927125962,44016799516,46880103081,48095213747,49929337837,51147308774,53027680686,54901519156,51605959131,31712128254,23131941557,20992421949,20078620357,N.A
Lesotho,LSO,GDP (current US$),887291687.9,825706961.2,775777238.6,1157825435,1511236656,1682343527,1800092564,1682131785,1766902709,1740894965,2234754242,2579409620,2477702216,2367112932,2441063054,2359686725,2114426452,2306741672,2556247292,2390702296,2053699870,2412130022,2354980884,2117962430,2271541846
Liberia,LBR,GDP (current US$),874000000,906000000,927000000,748000000,897000000,949000000,1119000000,1373000000,1726000000,1768000000,1998000000,2398000000,2791614000,3177198100,3225652000,3227075700,3398419600,3390703400,3422754800,3319596500,3176126300,3513049500,4001047000,4390000000,4750000000
Libya,LBY,GDP (current US$),38270954138,34112093927,20481889764,26265625000,33122307692,47334691241,60094231607,68032978391,86710767415,60808562033,75380825062,48169263294,92540938129,75351107029,57372355592,48717501321,49912073701,67157452182,76686029772,69254496472,46854285441,35217995647,43246297922,45096462972,46636278902
Liechtenstein,LIE,GDP (current US$),2483889858,2491800559,2688618747,3070803051,3454373798,3659319117,4000102086,4601429897,5081479840,4504375348,5082337238,5739706005,5456102482,6391708311,6657526980,6268515276,6237302034,6474308718,6692620692,6436467007,6405870210,7912602342,7378156576,8287748667,N.A
Lithuania,LTU,GDP (current US$),11550695727,12260761329,14282292665,18809197970,22743164431,26105207115,30116192747,39729151615,47831254208,37494380039,36638128534,43186501863,42709372067,46303660422,48306546657,41540954817,42970749245,47756764508,54261795149,55122066226,57412038533,67037321009,71033884500,79789877416,84869215513
Luxembourg,LUX,GDP (current US$),21230182989,21387533703,23649833332,29667268248,35064843793,37672280120,42910146296,51587401416,58844277702,54467289898,56213985987,61696281326,59776383527,65203276467,68804811898,60071584216,62216885436,65712180343,71085623495,69872035114,73670782100,86386759695,80801680397,87574021092,93197329012
Madagascar,MDG,GDP (current US$),4629247204,5438332602,5351701663,6372498890,5064732626,5859269753,6395712491,8524620890,10725137724,9616879409,9982711338,11551819618,11578975062,12423555455,12522957399,11323020701,11848613858,13176313594,13760033282,14104664679,13051441204,14354731964,15325603273,15869945478,17420814801
Malawi,MWI,GDP (current US$),2537307580,2498008665,5087328438,4669789300,5058726350,5320409651,5818279739,6451210219,7743617352,9009887947,10128323011,11648142958,8773203178,8031571928,8801326169,9219474379,7909868618,8943543794,9879231592,11051865580,11769313598,12378129751,12429060151,12712150082,11008925323
Malaysia,MYS,GDP (current US$),93789736842,92783947368,100845526316,110202368421,124749473684,143534405819,162692258307,193549569478,230811614370,202257453037,255017638456,297951668675,314443047642,323276235524,338066095097,301355266965,301256033870,319109094160,358788845713,365177721022,337456163961,373784823673,407605841348,399705137434,421972102254
Maldives,MDV,GDP (current US$),624337145.3,870031676.8,897031250,1052121055,1226829563,1163362438,1575200391,1868383461,2271646188,2345294875,2588176055,2774350240,2886163997,3295009238,3697353039,4129505319,4409942624,4816426257,5404344163,5726094799,3712604583,5252457370,6177118114,6590894302,6975146349
Mali,MLI,GDP (current US$),2961484954,3468337942,3908121307,4714071980,7113132070,8009875052,8858863053,10289243720,12262134441,12592138109,13196527458,15506843902,14891957623,15769357573,16943434591,15583181170,16743796800,18308362040,20368015381,20477421885,20698560939,22999245263,22374051350,24621545565,26588067731
Malta,MLT,GDP (current US$),4036809865,4070867153,4455127398,5418315225,6104141501,6393234965,6749838862,7908412374,9135419490,8734745632,9097044182,9789361705,9609532106,10796782634,11888032862,11340795033,12025782885,14161366733,16153779511,16337793531,16409900599,19723563355,19239187084,22210718401,24322006608
Marshall Islands,MHL,GDP (current US$),114838500,122406100,131960000,131128500,132900000,138000000,143200000,150500000,146600000,151200000,161100000,172300000,180700000,186400000,186000000,183700000,201800000,213700000,220000000,232900000,241800000,258900000,253400000,259300000,280357844.2
Mauritania,MRT,GDP (current US$),1779520886,1746063558,1777057481,2051147607,2362501023,2936019526,3919577286,4346212355,5206437194,4714595548,5628878798,6764627746,6728208836,7223071097,6592537782,6166863897,6398747592,6800135898,7473550557,7894764886,8260752385,9222536364,9557966698,10651709314,10766731874
Mauritius,MUS,GDP (current US$),4726108622,4675755867,4906494249,5894873920,6667418752,6576108447,7028810681,8150150209,9990356674,9128843109,10003670690,11518413430,11668696397,12292974141,13074129952,12007291046,12594155464,13713506131,14735695931,14436346980,11408106446,11484348858,12907767790,14101195733,14952555415
Mexico,MEX,GDP (current US$),742061329749,796064590549,810666116402,765549967889,819459227375,917571853529,1020265057882,1102355554880,1161553459985,943437415025,1105424238573,1229013703578,1255110424666,1327436290439,1364507717765,1213294467780,1112233497453,1190721475906,1256300182776,1304106203902,1121064767402,1316569466735,1466464899304,1793798859343,1852722885258
"Micronesia, Fed. Sts.",FSM,GDP (current US$),233271800,240970900,242517200,245432900,240236000,250281900,253541900,256787200,263145100,280284600,296944100,311301600,327248700,317214400,319271200,316489900,325000000,359000000,392000000,394000000,372902690,391601947,415956896.5,443916782.3,471425099.5
Moldova,MDA,GDP (current US$),1288429392,1480673594,1661818168,1980907435,2598249556,2988342907,3408255451,4401173152,6054824248,5439434272,6974982370,8414352020,8709138635,9496717876,9402090138,7797667197,7980917076,9514404016,11252353421,11736797055,11530746234,13691869264,14525337524,16711906746,18200340854
Monaco,MCO,GDP (current US$),2654462665,2673723034,2919647982,3597089751,4043551489,4204652899,4586826513,5875790766,6502942245,5474379252,5367561570,6088689808,5742749294,6555591710,7070017324,6264756528,6471290794,6430254653,7184333936,7383496254,6730736283,8623242743,8800430486,9995350547,N.A
Mongolia,MNG,GDP (current US$),1136896124,1267997934,1396555720,1595297356,1992066808,2523471601,3414055662,4234999704,5623216608,4583850368,7189481999,10409797378,12292770632,12582122604,12226514668,11619892591,11181350649,11480847741,13178094720,14206359018,13312981429,15286441738,17146471714,20325121394,23586055802
Montenegro,MNE,GDP (current US$),984293043.8,1159869246,1284685051,1707710053,2073234418,2257174481,2721903149,3680711744,4545674528,4159330370,4142983843,4544428421,4087526242,4465772400,4593853291,4054730078,4376930578,4856599481,5506942238,5542054181,4769996866,5861427505,6229801581,7530593375,8069536126
Morocco,MAR,GDP (current US$),43017455402,43831480208,47077192188,58029363354,66114145451,68852658069,75883823301,86947913287,101822906949,101154952241,100865329473,110080631332,106937392311,115739287305,119130841412,110413823842,111572947005,118540573368,127341147582,128920266409,121353645057,142022058447,130951926351,144417103250,154430996473
Mozambique,MOZ,GDP (current US$),5930685215,5650154067,5950769427,6583526861,7937255565,8868504900,9509835537,10811456006,12920340965,12263894790,11411894724,14619279989,16688114144,17198073057,17978246586,16208985770,12069051237,13264640646,15017358953,15512759047,14235420174,16168055475,18883528581,20954220984,22416650343
Myanmar,MMR,GDP (current US$),8905066164,6477790688,6777632512,10467109978,10567354056,11986972419,14502553710,20182477481,31862554102,36906181381,49540813342,59977326086,59937796648,60269732855,65531374200,59607290408,63298361996,66053040483,67860515990,75065106228,79006113643,66345291160,62253049892,66757619000,74079772652
Namibia,NAM,GDP (current US$),3922232165,3557341215,3349169826,4926439384,6609205995,7248374838,8001779551,8839536476,8607431497,8938847189,11431412421,12523359441,13042053592,12043307277,12435430970,11335161084,10722018732,12895153371,13682019076,12541928303,10583748542,12402486184,12569449123,12408271448,13372354269
Nauru,NRU,GDP (current US$),26930980.34,22613287.54,21017423.61,24778159.58,30587565.8,30282840.19,29183626.71,23068623.46,37184925.33,44024969.95,47442299.26,65444173.78,100794924.7,94385014.94,98752257.05,84383388.64,97276023.08,108862278.5,130937589.8,124871111.4,124530027.3,175513984.5,152190818.9,151455967.7,160350639.5
Nepal,NPL,GDP (current US$),5494252208,6007055042,6050875807,6330473097,7273938315,8130258378,9043715356,10325618017,12545438605,12854985464,16002656434,21573872421,21703100877,22162204925,22731612922,24360801287,24524109484,28971588940,33111525237,34186180699,33433659301,36924841394,41182939601,41047772331,42914268287
Netherlands,NLD,GDP (current US$),417649282154,432536219669,475529972123,582435617082,661224886143,688133699636,737593995289,853499460873,957901566041,878954223140,852464982433,913140741333,845689017066,883951539007,901556501756,775743675303,797163949290,848233537846,929733599797,928903005576,932560861701,1054472123450,1046540797549,1154361305398,1227543925316
New Zealand,NZL,GDP (current US$),52623281957,53872425917,66627729311,88250885550,103905210084,114720129550,111538810713,137188946866,133437126590,121663439315,146887902524,168484908960,176560711239,191012364177,201518402787,178224167088,189100085275,206745969246,211985631173,213006341102,213029554654,253977931815,249509991440,255194972673,260235932559
Nicaragua,NIC,GDP (current US$),5109587050,5351752034,5223727303,5322228351,5792932838,6321324279,6763672381,7423375015,8496967597,8298702489,8758602233,9774329333,10532017232,10982988249,11880438824,12756696261,13286093388,13785893007,13025221974,12699023614,12726422432,14209020362,15634572502,17805842284,19693982968
Niger,NER,GDP (current US$),2241753193,2448714704,2782192879,3394084732,3760443738,4383315965,4756361252,5731485052,7297600226,7352131310,7851192502,8772950778,9426912648,10224897438,10862943544,9683867926,10398861982,11185104252,12837307497,12889555561,13744653103,14915002436,15433852714,16698786973,19537639288
Nigeria,NGA,GDP (current US$),69171451627,73557840064,95054059303,104738954264,135764731646,175670569969,238454997161,278260846800,339476276258,295008835381,366990417129,414466676831,463971018239,520117180314,574183763412,493026682801,404649125252,375745731053,421739251509,474517490844,432198898468,440833635874,477403400101,363846332835,187759703100
North Macedonia,MKD,GDP (current US$),3772859034,3709636031,4018365747,4946296599,5682784472,6258602873,6861226972,8336474974,9909552435,9401736825,9407170321,10494626768,9745261301,10817702346,11362265253,10064519963,10672467073,11307067070,12683068114,12606338449,12361036914,14000283827,13932436550,15763604288,16685236492
Northern Mariana Islands,MNP,GDP (current US$),N.A,N.A,1284000000,1239000000,1210000000,1061000000,990000000,938000000,939000000,795000000,799000000,729000000,746000000,772000000,832000000,910000000,1230000000,1560000000,1301000000,1179000000,866000000,914000000,1096000000,N.A,N.A
Norway,NOR,GDP (current US$),171457201936,174239354071,195914852576,229385469337,265268662473,309978579744,346915160682,402643260488,464917553191,387976400617,431052143940,501360549669,512777309841,526014468085,501736471833,388159512246,370956547619,401745275035,439788625884,408742840909,367633418887,503367986030,596297651036,482949731777,483727398216
Oman,OMN,GDP (current US$),22259557867,22205721717,23065539662,24733680104,28378933680,35506892068,42577633290,48300390117,69804681404,55454096229,64993498049,77497529259,87408842653,89936020806,92699089727,78710793238,75128738622,80856697009,91505851756,88060858257,75909492848,87323797139,109852795839,105895708713,106942782835
Pakistan,PAK,GDP (current US$),99484802345,97145618480,97923302809,112371913741,132216048339,145208562961,161871385506,184140869997,202203748584,187337783856,196709621850,230586581060,250106966105,258657231672,271390474858,299963590535,313630000130,339205534861,356128166705,320909472771,300425609818,348516647445,374890295667,337885531778,373071855732
Palau,PLW,GDP (current US$),149535800,159453500,162665500,154559900,166391600,191048400,193679700,200903600,201167300,189998000,188174300,198873900,215762400,225345700,243156500,278824800,298323500,285600000,288546300,281941600,258990800,235752900,255591100,281849100,
Panama,PAN,GDP (current US$),11966497000,12252906300,12800851300,13603456000,15100203400,16623906700,18659721500,21717433800,25721328000,27791215500,30231009500,35687738300,41595439700,46949496500,51427104900,55767806100,59760858700,64327688800,67316471200,69778991200,57059846500,67396392500,76276116700,83318176900,86260400000
Papua New Guinea,PNG,GDP (current US$),3521339699,3081024212,2999511040,3536411824,3927157867,4865892972,8354911041,9545028944,11670892801,11619456449,14250786675,17985138066,21295168666,21261338065,23210823987,21723437010,20758876953,22742699138,24109780708,24750626030,23848447850,26109413521,31653185953,30816367067,32538480024
Paraguay,PRY,GDP (current US$),8855705140,8495806432,7196260657,7691367471,9624440836,10737500188,13429430050,17856393235,24615267664,22355151162,27260886405,33756238767,33271921136,38501122141,40377929296,36211447840,36089700223,38997129474,40225448341,37925338329,35432178068,39950899939,41952910858,43118053175,44458118400
Peru,PER,GDP (current US$),51744749133,52030158775,54777553515,58731030122,66768703498,76060606061,88643193062,102170981144,120550599815,120822986521,147527631521,171761737047,192650021649,201175543571,200786250583,189802976286,191898104390,211007984081,222597009739,228346006004,201409694756,226328766460,246065570308,266958720838,289221969060
Philippines,PHL,GDP (current US$),83669788377,78921234458,84307345888,87039092974,95001999685,107419977318,127652926368,155980408673,181624626327,175974755881,208368893151,234216730291,261920540963,283902828589,297483555338,306445871242,318627003017,328480736803,346841896587,376823402239,361751145452,394087359848,404353369605,437055627244,461617509782
Poland,POL,GDP (current US$),172953527033,191823200371,199694463256,218561225998,256268656145,306999913151,345897630736,429715132138,535612030672,440891472247,478111630684,527848543023,498148649703,518179836405,542134167179,480054118583,473259623976,528356723263,594616632477,602683770145,605914186118,689170171187,695607522885,812451128979,914696430325
Portugal,PRT,GDP (current US$),118605192877,121604107165,134795565549,165226175537,189382122532,197253876705,208756449276,240496147317,263416394624,244667762836,238443864993,245426767676,216536676772,226677408292,230078616300,199038523120,206305431242,220862990767,242092894543,240115970063,229618773423,256055879091,256898675069,289696962620,308683317393
Puerto Rico (US),PRI,GDP (current US$),61701800000,69208400000,71623500000,74827400000,80322313000,83914521300,87276164400,89524131600,93639300000,96385600000,98381300000,100351700000,101564800000,102450000000,102445800000,103375500000,104336700000,103445526000,100958100000,105126400000,103130900000,106426600000,113843700000,118375000000,125841500000
Qatar,QAT,GDP (current US$),17759890110,17538461538,19363736264,23533791209,31734065934,44530494505,60882142857,79712087912,115270054945,97798351648,125122306346,167775268626,186833502363,198727642967,206224598571,161739955577,151732181868,161099122225,183334953819,176371267692,144411363352,179732009560,235709325714,213002809341,217982967033
Romania,ROU,GDP (current US$),37253739511,40395116581,46065502703,57806384143,74973656852,98454380120,122023735993,174588782939,214315932061,174110532659,170064350672,192623977894,179117323107,189798603751,199722319676,177885131240,185290759249,210147385855,243468683030,251677082534,252033792712,286578196368,296354358293,350775856415,382767571329
Russia,RUS,GDP (current US$),259710142197,306602070621,345470494418,430347420185,591016690732,764015973481,989932071353,1299703478482,1660848058303,1222645900056,1524916715224,2045922753398,2208293553878,2292470078346,2059241589895,1363482182198,1276786350881,1574199360089,1657328773461,1693115002708,1493075894362,1829186719575,2291612121335,2071505725031,2173835806672
Rwanda,RWA,GDP (current US$),2068836754,1966600715,1966003468,2138237279,2376496067,2933819766,3319784539,4070507895,5179854065,5674476969,6124756654,6884913658,7654761045,7819964024,8238966120,8543760206,8695272061,9252833894,9637904519,10349300277,10174386855,11078787095,13316161006,14331722700,14251642231
Samoa,WSM,GDP (current US$),258856139.8,266299591.5,281790134.2,333426188.4,407747565.1,476801793.2,499923757.8,573548459.8,641346191.7,628006115.4,680260907.2,744097050.2,773141661.2,797736334.3,796683519.6,824150498.7,843924796.7,884844384.5,878448433.4,912950466.1,868898358.3,843923638.7,832945205.6,938189443.8,1068025244
San Marino,SMR,GDP (current US$),1007661367,1059529812,1148872072,1462590267,1715340543,1786514058,1909765165,2188654628,2403213305,2064277126,1881191925,1813717439,1604701299,1678741475,1673911426,1419401071,1468343140,1528620346,1655353653,1616232125,1544714493,1855396000,1831700577,N.A,N.A
Sao Tome and Principe,STP,GDP (current US$),76198394.82,75951133.38,85171073.88,102085769.1,114582283.9,136450662.4,142775104.1,149146918.9,188021165,200668065,190021192.5,226455001.2,229371348.2,267041747.6,293119143.2,259999643,292267272.2,322002845.2,383717327.8,412976082.6,471229484.6,524402455.5,540809499.2,678976264.8,764274042.7
Saudi Arabia,SAU,GDP (current US$),189514933333,184137600000,189605866667,215807733333,258742133333,328459608764,376900133511,415964509673,519796800000,429097866667,528207466667,680660800000,751921333333,769755733333,787153066667,693414400000,689279466667,741266133333,886564800000,888890133333,767951200000,982661066667,1239075200000,1218584533333,1237529866667
Senegal,SEN,GDP (current US$),6013185004,6507824829,7006402320,8768721563,10076816667,11009033438,11697918243,13994218413,16853989628,16145867495,16121315909,17814283639,17660870412,18918667725,19797253440,17774766696,19040312333,20996562944,23116701556,23403995992,24530513038,27520784130,27783332223,30696331296,32267254425
Serbia,SRB,GDP (current US$),7326373882,13599378662,17930583571,23593044418,26845632342,28334256181,33298057362,44888028946,54220641202,46955984410,43536629233,51251098408,45103269969,50455529604,49114321280,41297410635,42225495910,45972834714,52787520249,53864693665,55874017669,66159884073,66797564758,81342660752,89083506277
Seychelles,SYC,GDP (current US$),654212394.3,662064155.9,742134837.5,750847230.1,893012218.2,977899381.8,1081441283,1077308814,979597394.3,850901620.4,981616542.3,1058918707,1089407839,1333160407,1387577870,1432403352,1568513348,1675370641,1784313927,1868690097,1382551752,1487173795,2018346589,2187379755,2167239562
Sierra Leone,SLE,GDP (current US$),635866403.8,1681473894,1933863911,2142618046,2237350687,2545275313,3263697467,3632957611,4157895298,3953403098,4262805967,4861632885,6141666509,7502762863,7686138791,6788352975,6084297211,5749846528,6390514689,6526183564,6693888876,7173379137,7124465160,6411787856,7547843281
Singapore,SGP,GDP (current US$),96076539926,89793790670,92538372870,97646401096,115033593101,127807848728,148627286361,180941701358,193617323539,194150283772,239807980591,279356499090,295092888077,307576360585,314863580758,307998545269,319646468521,343673334902,377123710561,376161998830,349165858545,436591382250,509017841147,505439514078,547386645892
Slovak Republic,SVK,GDP (current US$),29215726005,30726659551,35243658399,46616149117,57215475076,62547753148,70751813443,86587749518,100830060553,89342984698,91112160801,99705104723,94724394278,99134277850,101713075599,89178548717,90347173229,95978130735,106611673365,105843498304,107732602896,120560912621,115884262198,133896931490,141775733420
Slovenia,SVN,GDP (current US$),20159190702,20668868707,23214593516,29360575032,34156553313,35947936824,39260368837,47880266543,55509332322,49975540955,47793117241,51199194599,46167053954,47867056859,49514466380,42709468275,44290685824,48153200135,53689067640,53909922736,53384760135,61529280461,59927702746,69148468417,72485008929
Small states,SST,GDP (current US$),76460508667,77480489516,83359125285,99561595018,115354159670,129707462622,145688839748,171087518582,188836637601,161635804929,171768513183,192825279257,193712300797,201057180224,208200443902,192378904291,195005480876,212648078852,229205977078,230723882097,208338277478,243009421520,269954645297,285189556483,309361541401
Solomon Islands,SLB,GDP (current US$),419842674.2,409508553,346406738.9,417668983.4,468005318.6,552864570.2,617258154.3,695295347.6,776337691.8,805557562.6,898133684.9,1063895361,1185215418,1285911586,1335571421,1307909888,1379490304,1469789119,1615478393,1619155017,1536145814,1522794913,1566360686,1660896531,1760767447
"Somalia, Fed. Rep.",SOM,GDP (current US$),3412797450,2252847465,2192684135,2836724352,3859592813,4683246454,5026743282,5430713729,5913620293,2948594552,2687807004,2906000097,4364670160,5062881600,5728399720,6152149100,6613743070,7621501710,7873440830,8655023960,8628393720,9483997390,10202767270,10968517090,12108515110
South Africa,ZAF,GDP (current US$),151752757215,135429905923,129087556612,197018965309,255806908595,288867217197,303858675364,333077117254,316131258616,329754060647,417363822802,458199494831,434400545086,400886013596,381198869776,346709790459,323585509674,381448814653,405260723893,389330032224,337974655408,420886877629,406920004594,380699271816,400260724226
South Sudan,SSD,GDP (current US$),N.A,N.A,N.A,N.A,N.A,N.A,N.A,N.A,14586253383,12231264525,14602072411,14907308933,11931472169,18426469017,13962212847,11997800760,N.A,N.A,N.A,N.A,N.A,N.A,N.A,N.A,N.A
Spain,ESP,GDP (current US$),598102854756,627798682379,708938227244,907963217058,1069829382515,1154667551776,1261846683275,1476746276855,1636115447613,1496587590848,1427989078917,1487568659241,1330994811670,1362186923158,1380244561362,1206164777553,1243015667917,1321754088819,1431642809327,1403496387686,1289783836971,1461244901853,1446498147749,1620090734957,1722745978335
Sri Lanka,LKA,GDP (current US$),16330814180,15749753805,16536535647,18881765437,20662525941,24405791045,28279802406,32350238760,40713826215,42066224093,58636161082,67753284044,70447216891,77000578167,82528535714,85090301052,88000211172,94369350286,94450015983,88998706297,84335574582,88556698938,74143020263,83716142582,98963185510
St. Kitts and Nevis,KNA,GDP (current US$),421695769.8,458643829,481077373.7,469869869.9,506900000,547203703.7,644414814.8,689285185.2,777692592.6,774274074.1,778718518.5,836092592.6,824585185.2,874548148.1,952111111.1,957222222.2,1006818519,1056977778,1076548148,1107855556,883922222.2,858622222.2,980188888.9,1056751852,1066681481
St. Lucia,LCA,GDP (current US$),932592592.6,892592592.6,900000000,987407407.4,1066666667,1135555556,1268319185,1336088815,1437731111,1401507889,1482385185,1568370370,1598207407,1660392593,1749185185,1807640741,1868544444,1998503704,2060955556,2095344444,1499274074,1867185185,2342714815,2430166667,2549062963
St. Vincent and the Grenadines,VCT,GDP (current US$),427946037,462072333.3,487763851.9,509090888.9,549900185.2,579948925.9,643501148.1,713596666.7,732663259.3,714300259.3,720447888.9,713796370.4,730032592.6,764781259.3,770900000,786555555.6,814303703.7,844040740.7,884329629.6,910481481.5,864566666.7,888677777.8,989188888.9,1072237037,1157207407
Sudan,SDN,GDP (current US$),12257299147,15716361792,18137128388,21355298460,26646007251,35182711988,45263831634,59440139775,64833083257,51621044077,58962978034,55018567211,37632919967,43024018082,49516748618,51726758677,42630376000,41283617976,32333780383,32338079165,27034593750,34229513775,51666875363,39898289821,49909807030
Suriname,SUR,GDP (current US$),947671969.7,834279357.8,1093574468,1274190311,1484092538,1793410397,2626380435,2936612022,3532969035,3875409836,4368370998,4422276622,4980000000,5145757576,5240606061,5126237646,3317421648,3591679431,3996198867,4016040575,2911807496,3107923198,3791603200,3455146281,4714267822
Sweden,SWE,GDP (current US$),262905197442,242499249693,267373345247,334074051173,384547211147,391690329314,422530427476,490050156833,514616528349,434313804907,492753255886,570541353129,549742183874,584128116410,577730245154,501698263621,514218206628,536083940229,551312498430,532169294166,545147614972,637186904844,579895717344,585489968189,610117791237
Switzerland,CHE,GDP (current US$),279216033870,286582672434,309301422430,362075086508,403912891033,418284865885,441634672197,490740715595,567267767519,554212916092,598851027948,715888126682,686420221558,706234937371,726537809430,694118186380,687895460903,695200834102,725568717468,721369112727,741999406006,815309330987,828508926958,894424821645,936564198049
Syrian Arab Republic,SYR,GDP (current US$),18937052543,20237024725,20669357462,21828144686,25086950495,28858965517,33751788856,40465318382,52557913569,54111735629,61390830875,67539428159,43190318033,21361254635,21502061466,16466863117,12597854877,16369843352,21497782868,22583045060,12047752036,14353205678,23622827080,19993439950,N.A
Tajikistan,TJK,GDP (current US$),860541842.3,1080772551,1221106220,1555318261,2076176869,2312352021,2830213849,3719524541,5161299725,4979472364,5642221099,6522756255,7633036903,8448411318,9112605459,8271431485,6992416097,7536402853,7764999999,8300813599,8133963551,8937805347,10713525200,12244169293,14204575549
Tanzania,TZA,GDP (current US$),13371767082,13563990022,14129651896,15211487709,16673062473,18395383647,18619859795,21860434823,27947821398,29400573554,32012892919,34657140096,39650394363,45648857242,49986726461,47413919817,49774409374,53274884533,57003712892,61026731926,66068737786,70655628148,75769974505,79062403837,78779864877
Thailand,THA,GDP (current US$),126392224254,120296476180,134300904400,152280615246,172895685155,189318408469,221758296022,262942621455,291382982431,281710630187,341104766329,370818739624,397558325279,420333654593,407339040198,401296238228,413366349748,456356813537,506754208404,543976691794,500461898480,506194668790,495644697588,515906283941,526411265428
Timor-Leste,TLS,GDP (current US$),366924300,477443500,469455500,490439100,440772000,462268000,453792400,542795400,648523600,726937800,881909300,1042534600,1160555000,1395727400,1447535200,1590282400,1640464600,1584878400,1555988614,2032550389,2162619241,3624889673,3208593982,2079916909,1881265333
Togo,TGO,GDP (current US$),2106848752,2093498674,2410199032,2987984051,3191561509,3221910408,3320907722,3759964943,4578849658,4721890900,4746389532,5422442166,5413544658,6021732977,6393318262,5755461035,6071170959,6387422518,7029300383,6992700101,7400284168,8342243646,8169476149,9171261838,9925732120
Tonga,TON,GDP (current US$),204848487.8,181117230.4,182764280.8,202246591.2,230678011.4,261823805.4,292232703.3,298519623.3,344438844.3,312415028.4,366887375,414143828.5,471122971.3,451788498.3,440997734.9,437525538.9,420828254.5,459976847.1,489714529.8,494197854,496856303.9,518228028.7,518180029.4,508735107,N.A
Trinidad and Tobago,TTO,GDP (current US$),8154342116,8824849191,9008298229,11305459802,13280291990,15982389018,18369361094,21641620050,27871587350,19172165226,22157920592,25433007437,27147349937,28560536917,29474180442,26841143095,23624333664,23847765529,23888910152,23588037787,20991339707,24177305760,28510328245,25489373405,26428963758
Tunisia,TUN,GDP (current US$),21473528161,22065832449,23141616605,27453902261,31183885241,32272186695,34376664601,38915353867,44859439902,43455740497,46206091938,48123325825,47311401813,48685446414,50271812921,45779494042,44360072680,42163530591,42686504460,41905642419,42491780918,47073234359,44948769171,48196281784,53409988745
Turkiye,TUR,GDP (current US$),274294623164,201753123807,240249071871,314595572146,408865430220,506314717662,557076157773,681321124296,770449132861,649289324628,776967266306,838785289694,880555885492,957799120008,938934609297,864313810469,869682881593,858988492854,778972108041,761005915751,720338490327,819865223976,907118434654,1118252958514,1323254808059
Turkmenistan,TKM,GDP (current US$),2904663311,3534772732,4462029109,5977440583,6838351088,8103901996,10276674365,12664165103,19271523179,20214385965,22583157895,29233333333,35164210526,39197543860,43524210526,35799714286,36169428571,37926285714,40765428571,45232857143,45818000000,50007428571,58972000000,60628857143,64239891739
Turks and Caicos Islands,TCA,GDP (current US$),N.A,358744800,366707900,409753600,485598800,578645800,721891500,773490000,862684000,703176000,686788000,728790000,727161000,754238000,841700000,942070000,1032452000,1022365000,1314329000,1371838000,918387000,1236459000,1434119000,1638653000,1745378000
Tuvalu,TUV,GDP (current US$),15073975.53,13964732.33,16842672.6,19456338.03,22798274.98,22909979.82,24096875.46,28450168.69,31874434.86,28076983.97,32105408.48,39196957.49,39345579.47,38615890.63,38760982.65,36811936.08,41629064.22,45276595.35,48015259.88,54123198.57,51746594.31,60196405.71,59065982.09,62280311.59,
Uganda,UGA,GDP (current US$),6193246837,5840503869,6178563591,6606884275,7939487548,9239221763,9977647683,11902564495,14440404132,25127805567,26673441431,27871725241,27305915911,28915786517,32612397257,32387183730,29203988696,30744473841,32927025620,35353061008,37600368240,40529788744,45565333216,48768955859,53651874314
Ukraine,UKR,GDP (current US$),32375083935,39309580983,43956163612,52010355753,67220154164,89238865119,111884752475,148733861386,188110390660,121552153444,141209170427,169333835202,182591753828,190498811460,133503871862,91030967789,93355869404,112090505082,130891088294,153883047510,156617722013,199765859571,161989520721,181221517869,190741263732
United Arab Emirates,ARE,GDP (current US$),104337372362,103311640572,109816201498,124346358067,147824370320,180617467965,222116541865,257916133424,315474615739,253547358747,300189052689,360832739551,384610125391,400218529748,414105366753,370275469571,369255326236,390516804030,427049432158,417989721743,349473015330,415178792757,502731935194,514130432648,537078829135
United Kingdom,GBR,GDP (current US$),1665534876683,1649827263567,1785729916067,2054422857143,2421525082387,2543180000000,2708441582337,3090510204082,2929411764706,2412840006232,2485482596185,2663805834828,2707089726615,2784853502534,3064708247921,2927911140917,2689106566900,2680148052335,2871340347582,2851407164908,2696778386608,3143323050707,3114042471144,3369861888973,3643834188783
United States of America,USA,GDP (current US$),10250952000000,10581929000000,10929108000000,11456450000000,12217196000000,13039197000000,13815583000000,14474228000000,14769862000000,14478067000000,15048971000000,15599732000000,16253970000000,16880683000000,17608138000000,18295019000000,18804913000000,19612102000000,20656516000000,21539982000000,21354105000000,23681171000000,26006893000000,27720709000000,29184890000000
Uruguay,URY,GDP (current US$),22823270892,20898761742,13606515723,12045638352,13686329890,17362857684,19741420740,23797773024,31119602539,32708319078,41950361212,50342406067,54232266359,61337621934,61496186974,57680327999,57480787465,65005997963,65344577416,62222313619,53559359262,60739084241,70594110920,77991666838,80961511074
Uzbekistan,UZB,GDP (current US$),13760513969,11401421329,9687788513,10134453435,12030023548,14307509839,17330833853,22311393928,29549438884,33689223673,49765676402,60178909297,67517349212,73180037915,80845385809,86196264755,86138288644,69703222283,58695899092,67293639798,66443265418,77340060003,90095926567,102641879249,114965293467
Vanuatu,VUT,GDP (current US$),272014627.8,257926881.7,262596535.5,314471413,364996869.1,394962433,439358586.5,516392922.5,590748429.4,592622319.1,670712979.7,770153588.2,747839697.7,758304466.2,773717010.5,759690181,804323576.9,880043284.4,914727908.1,936526267.6,909421043.5,982362211.9,1030654208,1126313359,1161251868
"Venezuela, RB",VEN,GDP (current US$),117146466003,122911036747,92893587734,83620628582,112451400425,145513489652,183477522124,230364012576,315953388511,329787628928,393192354511,316482190800,381286237848,371005379787,482359318768,N.A,N.A,N.A,N.A,N.A,N.A,N.A,N.A,N.A,N.A
Vietnam,VNM,GDP (current US$),31172518403,32685198809,35064105501,39552513232,45427854693,57633255738,66371664817,77414425532,99130304099,106014659565,147201173197,172595049184,195590661129,213708811665,233451469643,239258328382,257096001178,281353605987,310106478395,334365270497,346615738538,366474752771,413445230669,433857681378,476388230307
Virgin Islands (U.S.),VIR,GDP (current US$),N.A,N.A,3262000000,3443000000,3797000000,4428000000,4484000000,4784000000,4244000000,4201000000,4324000000,4223000000,4089000000,3738000000,3565000000,3663000000,3798000000,3794000000,3923000000,4121000000,4229000000,4507000000,4672000000,N.A,N.A
World,WLD,GDP (current US$),33868713738358,33662293242135,34959942302257,39205591618517,44181897123632,47847635179350,51859668488984,58448614438456,64232292784906,60909219885221,66722149003894,74213035604821,75866007009764,78070094837110,80247427618834,75723635302572,76957345383657,81974795709110,87188987385052,88492389499432,86116567565730,98365745535039,102434886179161,106939249843452,111252997846886
"Yemen, Rep.",YEM,GDP (current US$),9679316770,9852990693,10693430511,11777532662,13867634371,16731566717,19063143370,21650528674,26910855807,25130278213,30906749533,32726417878,35401331609,40415233436,43228585321,42444490074,31317825274,26842229045,21606160663,N.A,N.A,N.A,N.A,N.A,N.A
Zambia,ZMB,GDP (current US$),3600632111,4094441301,4193850445,4901869764,6221110219,8331870169,12756858899,14056957976,17910858638,15328342304,20265559484,23459515276,25503060420,28037239463,27141023558,21251216799,20958412538,25873601261,26311507274,23308667781,18137764931,22096416932,29163782140,27577956471,26325775287
Zimbabwe,ZWE,GDP (current US$),6689958139,6777385246,6342116911,5727592261,5805598867,5755215663,5443896938,5291950526,4415703156,9665815601,12041602762,14101801031,17114762914,19091004042,19495547523,19963058858,20548759858,51074726484,34156057417,25715657177,26868564055,27240507842,32789657378,35231369343,44187704410